{
  "timestamp": "2025-07-26T22:45:36.605961",
  "training_samples": 980,
  "test_samples": 245,
  "metrics": {
    "accuracy": 0.9346938775510204,
    "precision": 1.0,
    "recall": 0.15789473684210525,
    "f1_score": 0.2727272727272727,
    "true_positives": 3,
    "false_positives": 0,
    "true_negatives": 226,
    "false_negatives": 16
  }
}