{
  "timestamp": "2025-07-26T22:38:03.901653",
  "training_samples": 981,
  "test_samples": 246,
  "metrics": {
    "accuracy": 0.9471544715447154,
    "precision": 1.0,
    "recall": 0.23529411764705882,
    "f1_score": 0.38095238095238093,
    "true_positives": 4,
    "false_positives": 0,
    "true_negatives": 229,
    "false_negatives": 13
  }
}