{
  "timestamp": "2025-07-25T18:10:09.095591",
  "training_samples": 959,
  "test_samples": 240,
  "metrics": {
    "accuracy": 0.9,
    "precision": 0.22580645161290322,
    "recall": 1.0,
    "f1_score": 0.3684210526315789,
    "true_positives": 7,
    "false_positives": 24,
    "true_negatives": 209,
    "false_negatives": 0
  }
}